1.65601E+12|Martha|Mccarthy|condimentum.Donec@risus.com|Male|Web Development
1.61908E+12|Clarke|Shepard|eget@necmauris.net|Male|Networking
1.64911E+12|Sylvester|Sawyer|nibh.lacinia@nonfeugiatnec.org|Male|Operating Systems
1.65909E+12|Harrison|Hurst|Suspendisse@tristique.com|Male|Web Development
1.64711E+12|Scarlet|Bender|Nunc.quis@sem.net|Male|Operating Systems
1.65307E+12|Quincy|Dudley|tristique.senectus.et@primisin.org|Male|Web Development
1.67504E+12|Brendan|Henderson|sed.libero@cursus.edu|Female|Professional Ethics
1.67305E+12|Merritt|Zimmerman|vel.sapien.imperdiet@placerategetvenenatis.net|Female|Networking
1.63209E+12|Kylie|Faulkner|leo.Morbi@porttitor.net|Male|Networking
1.68707E+12|Brenden|Pace|id.mollis.nec@malesuadaiderat.edu|Female|Requirements Engineering
1.66504E+12|Kristen|Sargent|Proin@pellentesqueSed.com|Female|Web Development
1.61305E+12|Steel|Richardson|Nam.ligula.elit@placerat.co.uk|Female|Business Writing
1.64909E+12|Wynter|Morgan|In.lorem.Donec@cursuset.edu|Male|Business Writing
1.63003E+12|Salvador|Carr|dictum@Sedet.net|Female|Requirements Engineering
1.69612E+12|Jessica|Dalton|Nulla.tincidunt@imperdietnon.ca|Male|Operating Systems
1.69404E+12|Steven|Ramsey|enim.Nunc@Phaselluslibero.org|Female|Web Development
1.63209E+12|Wallace|Avery|augue.Sed@nibh.co.uk|Female|Professional Ethics
1.66502E+12|Kenneth|Lindsay|Fusce@urnajusto.com|Male|Requirements Engineering
1.67111E+12|Perry|Bruce|ipsum@egestas.org|Male|Requirements Engineering
1.65808E+12|Jakeem|Romero|sociis.natoque.penatibus@necmollisvitae.com|Female|Web Development
1.66107E+12|Abdul|Vincent|non.lobortis@Nulla.org|Female|Requirements Engineering
1.61508E+12|Kimberley|Bean|Quisque.purus.sapien@sociosquadlitora.com|Female|Business Writing
1.68912E+12|Rae|Kim|nisi.nibh.lacinia@quamquisdiam.ca|Male|Professional Ethics
1.67807E+12|Fleur|Mccray|pharetra@Utnec.ca|Male|Professional Ethics
1.6291E+12|Jeanette|Maddox|eu.placerat@Crasvehicula.org|Female|Requirements Engineering
1.66212E+12|Brady|Bonner|ac.mattis@tempusrisus.edu|Female|Professional Ethics
1.67007E+12|Zane|Orr|non.sollicitudin@quamquis.org|Female|Professional Ethics
1.65808E+12|Eagan|Bell|tincidunt.adipiscing.Mauris@augue.co.uk|Female|Professional Ethics
1.68205E+12|Emmanuel|Mathis|Mauris.eu.turpis@eleifendnon.org|Female|Professional Ethics
1.61311E+12|Price|Kirkland|Mauris@volutpat.co.uk|Male|Networking
1.67711E+12|Eliana|Kline|eu.tempor.erat@nonbibendum.edu|Male|Requirements Engineering
1.61301E+12|Acton|Murphy|arcu@egestasligula.net|Male|Requirements Engineering
1.67307E+12|Aladdin|Washington|commodo.at@Aliquamerat.ca|Female|Operating Systems
1.61509E+12|Lillian|Jacobs|varius.ultrices.mauris@nequenon.ca|Female|Web Development
1.62309E+12|Keaton|Tate|ac@Praesenteu.org|Male|Networking
1.64406E+12|Zelda|Frank|Morbi.neque@a.ca|Female|Business Writing
1.61702E+12|Vera|Mercer|elementum@consequatauctor.edu|Female|Operating Systems
1.68307E+12|Galena|Fernandez|ut@semperrutrumFusce.co.uk|Female|Web Development
1.67211E+12|Price|Diaz|ut@est.net|Female|Business Writing
1.67709E+12|Evan|Odom|sit.amet@Proindolor.co.uk|Male|Business Writing
1.64504E+12|TaShya|Oconnor|Nulla.dignissim@Phasellus.org|Female|Networking
1.62409E+12|Serena|Phillips|augue.scelerisque.mollis@sed.edu|Female|Operating Systems
1.64704E+12|Allen|Kaufman|purus.in@libero.edu|Female|Professional Ethics
1.62804E+12|Judith|Burks|ut.mi.Duis@necurnaet.co.uk|Male|Business Writing
1.66405E+12|Janna|Poole|diam.nunc.ullamcorper@porttitorerosnec.ca|Male|Operating Systems
1.68609E+12|Brennan|Moran|nulla.Donec.non@DonectinciduntDonec.org|Female|Networking
1.61811E+12|Adrienne|Mejia|diam@fames.com|Female|Professional Ethics
1.64711E+12|Oleg|Schultz|mauris.ipsum@orci.co.uk|Female|Networking
1.64512E+12|Upton|Marshall|Nulla.facilisi.Sed@ac.com|Female|Networking
1.6921E+12|Keith|Coffey|luctus.sit@loremvitae.co.uk|Male|Business Writing
1.62707E+12|Macey|Hobbs|tellus.sem.mollis@imperdiet.ca|Male|Networking
1.69612E+12|Rebekah|Carson|non.nisi@cursusvestibulumMauris.co.uk|Male|Web Development
1.6831E+12|Sophia|Pittman|lacus.Mauris.non@aceleifendvitae.com|Female|Professional Ethics
1.62311E+12|Xantha|Barker|risus@acturpis.co.uk|Female|Professional Ethics
1.61403E+12|Hayfa|Bentley|pede@montesnasceturridiculus.co.uk|Male|Operating Systems
1.66903E+12|Beck|Romero|sit@sem.org|Female|Requirements Engineering
1.66401E+12|Walker|Medina|et@auctornonfeugiat.com|Male|Requirements Engineering
1.61512E+12|Joan|Blair|rutrum.justo@Nullamvitaediam.co.uk|Female|Business Writing
1.65704E+12|Callie|Sims|arcu.Vestibulum@purusgravidasagittis.ca|Male|Networking
1.62303E+12|Julian|Jordan|imperdiet.nec.leo@non.co.uk|Female|Operating Systems
1.65706E+12|Robert|Barrera|pellentesque@dictum.org|Female|Professional Ethics
1.68102E+12|Suki|Sykes|et.risus.Quisque@idblanditat.org|Female|Web Development
1.67903E+12|Neville|Conley|eu.tempor.erat@maurisidsapien.co.uk|Female|Business Writing
1.63808E+12|Constance|Bullock|sed.leo.Cras@cursusluctusipsum.edu|Male|Web Development
1.61604E+12|Alexander|Albert|aliquet.molestie@arcu.edu|Male|Networking
1.65811E+12|Ryan|Martinez|nascetur.ridiculus.mus@felisDonec.org|Female|Requirements Engineering
1.66101E+12|Brent|Flores|vitae.sodales@hendreritconsectetuer.ca|Female|Web Development
1.68609E+12|Malachi|Rogers|dignissim.tempor@Integer.ca|Male|Operating Systems
1.62009E+12|Eugenia|Allison|scelerisque.mollis@tristiqueaceleifend.org|Male|Web Development
1.62507E+12|Quamar|Hahn|sollicitudin@consequat.com|Male|Networking
1.68503E+12|Fay|Vance|ipsum.leo@Curabitur.ca|Male|Web Development
1.65002E+12|Colton|Mann|augue.id@velnislQuisque.edu|Male|Networking
1.65211E+12|Ignacia|Guthrie|vel.pede@nec.com|Female|Business Writing
1.64205E+12|Rhiannon|May|tristique.pharetra.Quisque@loremtristiquealiquet.ca|Male|Operating Systems
1.64904E+12|Emily|Roman|tellus@estNunc.ca|Male|Networking
1.6111E+12|Wade|Evans|laoreet.libero.et@conubianostra.ca|Male|Networking
1.68909E+12|Christian|Johns|in.sodales@duiCraspellentesque.org|Female|Business Writing
1.64704E+12|Medge|Landry|ultricies.adipiscing.enim@luctus.net|Male|Professional Ethics
1.62703E+12|Howard|Browning|Aliquam.rutrum@Integerurna.com|Female|Professional Ethics
1.60207E+12|Berk|Copeland|Maecenas@sapien.com|Male|Web Development
1.65303E+12|Orson|Lee|Pellentesque.habitant@volutpat.edu|Male|Business Writing
1.69307E+12|Aspen|Nielsen|lorem@utmolestie.ca|Male|Professional Ethics
1.61712E+12|Eliana|Holder|feugiat.metus.sit@vitaealiquam.co.uk|Female|Requirements Engineering
1.68011E+12|Athena|Greer|felis.Nulla.tempor@interdumlibero.net|Male|Requirements Engineering
1.69911E+12|Daphne|Kline|eros.nec.tellus@urnasuscipit.co.uk|Male|Business Writing
1.65001E+12|Fallon|Gilmore|non.lacinia@euismod.ca|Female|Professional Ethics
1.62702E+12|Elvis|Bryant|libero@quamCurabiturvel.org|Male|Operating Systems
1.69507E+12|Amber|Griffin|rhoncus@auguescelerisquemollis.net|Male|Requirements Engineering
1.66401E+12|Armand|Ruiz|ornare.placerat@nasceturridiculusmus.edu|Female|Operating Systems
1.65304E+12|Violet|Chen|Nam@lectusante.edu|Male|Web Development
1.67407E+12|Imani|Wilson|luctus.ut@idblandit.ca|Male|Operating Systems
1.66409E+12|Ima|Kelley|sed.consequat.auctor@duiin.co.uk|Male|Web Development
1.64807E+12|Camden|Washington|egestas.lacinia@Suspendisseacmetus.org|Female|Web Development
1.66203E+12|Risa|Pugh|lobortis.quam@lacus.edu|Male|Operating Systems
1.62712E+12|Clinton|Yang|Proin@Quisque.co.uk|Male|Operating Systems
1.64002E+12|Grant|Keith|lacus@sodalesat.co.uk|Female|Business Writing
1.68205E+12|Paki|Lewis|accumsan.sed@semsempererat.net|Female|Networking
1.63401E+12|Arsenio|Davenport|Quisque.purus.sapien@veliteusem.edu|Male|Requirements Engineering
1.68305E+12|Daphne|Hoover|Suspendisse@eget.net|Male|Networking
